name;id
5;12334
;5228
albisema;15812
albisema;15813
albisema;15814
albisema;15958
amanda;13315
annakap;14893
annakap;14894
annapee;14895
asdasd;15363
asdasd;15364
asdasd;15365
asdasd;15366
Asdf;13535
atarraco;11294
atarraco;11295
atarraco;11296
atarraco;11297
atarraco;11298
atarraco;11299
atarraco;11331
atarraco;11332
atarraco;11333
atarraco;11334
atarraco;11335
atarraco;11336
atarraco;11337
atarraco;11338
atarraco;11339
atarraco;11341
atarraco;11342
atarraco;11343
atarraco;11344
atarraco;11345
atarraco;11346
atarraco;11347
atarraco;11348
atarraco;11349
atarraco;11351
atarraco;11352
atarraco;11353
atarraco;11354
atarraco;11355
atarraco;11372
atarraco;11373
atarraco;11375
atarraco;11376
atarraco;11377
atarraco;11378
atarraco;11379
atarraco;11381
atarraco;11382
atarraco;11383
atarraco;11384
atarraco;11385
atarraco;11387
atarraco;11388
atarraco;11433
atarraco;11435
atarraco;11436
atarraco;11437
atarraco;11438
atarraco;11439
atarraco;11441
atarraco;11442
atarraco;11443
atarraco;11444
atarraco;11445
atarraco;11446
atarraco;11447
atarraco;11449
atarraco;11464
atarraco;11474
atarraco;11475
atarraco;11476
atarraco;11477
atarraco;11478
atarraco;11484
atarraco;11488
atarraco;11496
atarraco;11497
atarraco;11516
atarraco;11518
atarraco;11521
atarraco;11528
atarraco;11533
atarraco;11692
atarraco;11696
atarraco;11718
atarraco;11726
atarraco;11728
atarraco;11731
atarraco;11732
atarraco;11756
atarraco;11758
atarraco;11967
atarraco;11968
atarraco;11969
atarraco;11971
atarraco;11981
atarraco;11991
atarraco;12366
atarraco;12374
atarraco;12376
atarraco;12421
atarraco;12431
atarraco;12818
atarraco;12933
atarraco;12955
atarraco;12957
atarraco;12958
atarraco;12959
atarraco;12961
atarraco;13125
atarraco;13177
atarraco;13178
atarraco;13225
atarraco;13229
atarraco;13322
atarraco;13323
atarraco;13324
atarraco;13327
atarraco;13331
atarraco;13332
atarraco;13334
atarraco;13335
atarraco;13411
atarraco;13412
atarraco;13413
atarraco;13414
atarraco;13467
atarraco;13469
atarraco;13471
atarraco;13869
atarraco;13871
atarraco;13872
atarraco;13873
atarraco;13945
atarraco;14238
atarraco;14239
atarraco;14299
atarraco;14311
atarraco;14312
atarraco;14319
atarraco;14671
atarraco;14795
atarraco;14796
atarraco;14799
atarraco;14879
atarraco;14957
atarraco;14959
atarraco;14977
atarraco;14978
atarraco;15151
atarraco;15152
atarraco;15215
atarraco;15342
atarraco;15344
atarraco;15756
atarraco;15757
atarraco;15894
atarraco;16125
atarraco;16514
atarraco;5638
atarraco;5639
atarraco;5643
atarraco;5712
atarraco;5715
atarraco;5729
atarraco;5731
atarraco;5733
atarraco;5734
atarraco;5751
atarraco;5752
atarraco;5776
atarraco;5777
atarraco;5778
atarraco;5779
atarraco;5781
atarraco;5782
atarraco;6113
atarraco;6115
atarraco;6116
atarraco;6118
atarraco;6119
atarraco;6121
atarraco;6122
atarraco;6123
atarraco;6124
atarraco;6125
atarraco;6126
atarraco;6127
atarraco;6131
atarraco;6132
atarraco;6133
atarraco;6134
atarraco;6135
atarraco;6136
atarraco;6137
atarraco;6138
atarraco;6151
atarraco;6152
atarraco;6157
atarraco;6158
atarraco;6162
atarraco;6168
atarraco;6169
atarraco;6182
atarraco;6183
atarraco;6193
atarraco;6199
atarraco;6223
atarraco;6224
atarraco;6227
atarraco;6229
atarraco;6231
atarraco;6232
atarraco;6233
atarraco;6234
atarraco;6235
atarraco;6236
atarraco;6237
atarraco;6241
atarraco;6242
atarraco;6243
atarraco;6247
atarraco;6251
atarraco;6267
atarraco;6268
atarraco;6272
atarraco;6274
atarraco;6275
atarraco;6276
atarraco;6277
atarraco;6278
atarraco;6279
atarraco;6299
atarraco;6317
atarraco;6318
atarraco;6319
atarraco;6321
atarraco;6322
atarraco;6323
atarraco;6461
atarraco;6462
atarraco;6463
atarraco;6464
atarraco;6465
atarraco;6466
atarraco;6467
atarraco;6468
atarraco;6469
atarraco;6471
atarraco;6472
atarraco;6474
atarraco;6482
atarraco;6483
atarraco;6484
atarraco;6485
atarraco;6492
atarraco;6493
atarraco;6494
atarraco;6495
atarraco;6496
atarraco;6497
atarraco;6498
atarraco;6499
atarraco;6511
atarraco;6515
atarraco;6516
atarraco;6521
atarraco;6522
atarraco;6523
atarraco;6524
atarraco;6528
atarraco;6529
atarraco;6532
atarraco;6534
atarraco;6535
atarraco;6537
atarraco;6538
atarraco;6541
atarraco;6543
atarraco;6544
atarraco;6545
atarraco;6548
atarraco;6549
atarraco;6553
atarraco;6554
atarraco;6555
atarraco;6556
atarraco;6557
atarraco;6558
atarraco;6559
atarraco;6561
atarraco;6565
atarraco;6566
atarraco;6567
atarraco;6568
atarraco;6571
atarraco;6572
atarraco;6573
atarraco;6597
atarraco;6598
atarraco;6599
atarraco;6784
atarraco;6787
atarraco;6797
atarraco;6847
atarraco;6848
atarraco;6849
atarraco;6852
atarraco;6876
atarraco;6883
atarraco;6884
atarraco;6885
atarraco;6886
atarraco;6888
atarraco;6889
atarraco;6911
atarraco;6912
atarraco;6985
atarraco;7147
atarraco;7157
atarraco;7158
atarraco;7159
atarraco;7225
atarraco;7226
atarraco;7227
atarraco;7231
atarraco;7232
atarraco;7251
atarraco;7342
atarraco;7343
atarraco;7362
atarraco;7365
atarraco;7383
atarraco;7412
atarraco;7489
atarraco;7552
atarraco;7582
atarraco;7586
atarraco;7616
atarraco;7617
atarraco;7618
atarraco;7619
atarraco;7626
atarraco;7635
atarraco;7638
atarraco;7641
atarraco;7668
atarraco;7669
atarraco;7713
atarraco;7714
atarraco;7716
atarraco;7717
atarraco;7718
atarraco;7719
atarraco;7721
atarraco;7728
atarraco;7787
atarraco;7796
atarraco;7799
atarraco;7995
atarraco;8373
atarraco;9111
atarraco;9112
atarraco;9113
atarraco;9114
atarraco;9115
atarraco;9116
atarraco;9117
atarraco;9137
atarraco;9138
atarraco;9139
atarraco;9141
atarraco;9142
atarraco;9143
atarraco;9144
atarraco;9145
atarraco;9146
atarraco;9147
atarraco;9148
atarraco;9149
atarraco;9152
atarraco;9154
atarraco;9155
atarraco;9156
atarraco;9157
atarraco;9158
atarraco;9159
atarraco;9161
atarraco;9162
atarraco;9163
atarraco;9164
atarraco;9165
atarraco;9166
atarraco;9167
atarraco;9168
atarraco;9169
atarraco;9171
atarraco;9172
atarraco;9173
atarraco;9174
atarraco;9175
atarraco;9176
atarraco;9178
atarraco;9181
atarraco;9182
atarraco;9189
atarraco;9191
atarraco;9192
atarraco;9197
atarraco;9198
atarraco;9199
atarraco;9346
atarraco;9347
atarraco;9348
atarraco;9349
atarraco;9351
atarraco;9352
atarraco;9353
atarraco;9354
atarraco;9355
atarraco;9364
atarraco;9365
atarraco;9366
atarraco;9367
atarraco;9369
atarraco;9376
atarraco;9377
atarraco;9561
atarraco;9562
atarraco;9563
atarraco;9564
atarraco;9565
atarraco;9566
atarraco;9568
atarraco;9569
atarraco;9571
atarraco;9587
atarraco;9624
atarraco;9625
atarraco;9626
atarraco;9639
atarraco;9688
atarraco;9689
atarraco;9713
atarraco;9763
atarraco;9764
atarraco;9772
atarraco;9798
baq;11463
baq;11542
baq;11587
baq;11668
baq;11811
baq;11915
baq;11919
baq;12196
baq;12199
baq;12226
baq;12363
baq;12394
baq;12396
baq;12397
baq;12399
baq;12515
baq;12572
baq;12587
baq;12642
baq;12658
baq;12756
baq;12763
baq;12766
baq;12791
baq;12812
baq;12813
baq;12814
baq;12873
baq;12874
baq;12876
baq;12879
baq;12882
baq;12897
baq;12898
baq;12921
baq;12973
baq;12982
baq;12998
baq;13159
baq;13161
baq;13162
baq;13172
baq;13199
baq;13212
baq;13213
baq;13226
baq;13233
baq;13274
baq;13275
baq;13276
baq;13292
baq;13293
baq;13294
baq;13298
baq;13314
baq;13381
baq;13382
baq;13489
baq;13592
baq;13615
baq;13616
baq;13625
baq;13626
baq;13627
baq;13628
baq;13629
baq;13631
baq;13632
baq;13633
baq;13634
baq;13636
baq;13637
baq;13641
baq;13642
baq;13643
baq;13644
baq;13645
baq;13647
baq;13649
baq;13656
baq;13657
baq;13658
baq;13659
baq;13661
baq;13664
baq;13665
baq;13666
baq;13718
baq;13719
baq;13737
baq;13741
baq;13742
baq;13743
baq;13744
baq;13761
baq;13768
baq;13769
baq;13771
baq;13789
baq;13791
baq;13792
baq;13793
baq;13794
baq;13795
baq;13796
baq;13797
baq;13798
baq;13811
baq;13916
baq;13917
baq;13918
baq;13919
baq;13921
baq;13924
baq;13926
baq;13927
baq;13928
baq;13929
baq;13931
baq;13932
baq;13933
baq;13934
baq;13935
baq;13936
baq;13937
baq;13939
baq;13947
baq;13948
baq;14111
baq;14115
baq;14197
baq;14198
baq;14199
baq;14213
baq;14221
baq;14223
baq;14225
baq;14226
baq;14227
baq;14228
baq;14229
baq;14231
baq;14232
baq;14233
baq;14234
baq;14235
baq;14236
baq;14247
baq;14248
baq;14264
baq;14278
baq;14279
baq;14282
baq;14283
baq;14285
baq;14286
baq;14287
baq;14288
baq;14289
baq;14291
baq;14326
baq;14327
baq;14328
baq;14329
baq;14332
baq;14333
baq;14334
baq;14335
baq;14336
baq;14338
baq;14339
baq;14341
baq;14342
baq;14343
baq;14344
baq;14345
baq;14346
baq;14569
baq;14571
baq;14572
baq;14573
baq;14575
baq;14582
baq;14611
baq;14612
baq;14613
baq;14672
baq;14673
baq;14674
baq;14675
baq;14677
baq;14691
baq;14697
baq;14698
baq;14699
baq;14745
baq;14752
baq;14753
baq;14754
baq;14755
baq;14756
baq;14771
baq;14824
baq;14825
baq;14826
baq;14828
baq;14832
baq;14835
baq;14836
baq;14849
baq;14851
baq;14854
baq;14875
baq;14876
baq;14877
baq;14878
baq;14914
baq;14917
baq;14918
baq;14919
baq;14921
baq;14922
baq;14923
baq;14924
baq;14925
baq;14937
baq;14938
baq;14945
baq;14968
baq;14969
baq;14972
baq;14973
baq;14974
baq;14975
baq;14979
baq;14981
baq;14982
baq;14983
baq;14984
baq;14987
baq;14988
baq;15113
baq;15118
baq;15123
baq;15127
baq;15128
baq;15131
baq;15139
baq;15141
baq;15142
baq;15211
baq;15212
baq;15213
baq;15217
baq;15228
baq;15229
baq;15231
baq;15232
baq;15238
baq;15362
baq;15578
baq;15699
baq;15817
baq;15818
baq;15819
baq;15823
baq;15824
baq;15826
baq;15827
baq;15986
baq;15987
baq;15988
baq;16527
baq;16528
baq;16541
baq;16542
baq;16543
baq;16544
baq;16545
baq;16546
baq;16547
baq;16556
baq;16594
baq;16595
baq;16657
baq;16659
baq;16661
baq;16663
baq;16664
baq;16665
baq;16666
baq;16689
baq;16741
baq;16922
baq;17189
baq;7591
baq;7593
baq;7594
baq;7612
baq;7621
baq;7625
baq;7634
baq;8137
baq;8394
baq;8566
baq;8567
baq;8631
baq;8633
baq;8641
baq;8722
baq;8912
baq;9412
baq;9742
baq;9753
baq;9777
baq;9784
baq;9787
baq;9821
baq;9822
Barbel;11787
Barbel;11793
Barbel;11928
Barbel;11941
Barbel;12327
Barbel;12332
BegumS7;11789
bh;14833
bn-testuser7know-center.at;12113
bn-testuser7know-center.at;12115
bn-testuser7know-center.at;12117
bn-testuser7know-center.at;12118
bn-testuser7know-center.at;12119
bn-testuser7know-center.at;12123
bn-testuser7know-center.at;14692
bn-testuser7know-center.at;16928
bn-testuser7know-center.at;16933
bn-testuser7know-center.at;16948
bn-testuser7know-center.at;17163
bn-testuser7know-center.at;17164
bn-testuser7know-center.at;17167
bn-testuser7know-center.at;17266
bn-testuser7know-center.at;17294
bn-testuser7know-center.at;17382
bn-testuser7know-center.at;17383
bn-testuser7know-center.at;17384
bn-testuser7know-center.at;17386
bn-testuser7know-center.at;17387
bn-testuser7know-center.at;17388
bn-testuser7know-center.at;17392
bn-testuser8know-center.at;12131
bn-testuser8know-center.at;12132
bn-testuser8know-center.at;12134
bn-testuser8know-center.at;12135
bn-testuser8know-center.at;12136
bn-testuser8know-center.at;12137
bn-testuser8know-center.at;15373
bn-testuser8know-center.at;9911
bn-testuser8know-center.at;9912
ceph;15241
clawrenc;12767
clawrenc;12773
clawrenc;15721
clawrenc;15746
clawrenc;16721
clawrenc;16728
confertester;8711
confertester;8712
confertester;8713
confertester;8718
confertester;9495
confertester;9496
confertester;9497
cseigne;15196
dannyme;12972
deitmer;6585
deitmer;6587
demo;14416
demo;14417
demo;14418
demo;14419
demo;14421
demo;14422
demo;14423
demo;14424
demo;14425
demo;14426
demo;14428
demo;14431
demo;14443
demo;14444
derntl;368
derntl;369
DoranG;15711
DoranG;15729
DoranG;15739
dramacoombegirls;9983
edura;16291
edwinveenendaal;11124
edwinveenendaal;11125
edwinveenendaal;11126
edwinveenendaal;11243
edwinveenendaal;11246
edwinveenendaal;11247
edwinveenendaal;11266
edwinveenendaal;11272
edwinveenendaal;11274
edwinveenendaal;11282
edwinveenendaal;11283
edwinveenendaal;11285
edwinveenendaal;11286
edwinveenendaal;11287
edwinveenendaal;11288
edwinveenendaal;11289
edwinveenendaal;11292
edwinveenendaal;11293
edwinveenendaal;11481
edwinveenendaal;11482
edwinveenendaal;11483
edwinveenendaal;11527
edwinveenendaal;11931
edwinveenendaal;11932
edwinveenendaal;11933
edwinveenendaal;11934
edwinveenendaal;11935
edwinveenendaal;11936
edwinveenendaal;11959
edwinveenendaal;12133
edwinveenendaal;12139
edwinveenendaal;12253
edwinveenendaal;12254
edwinveenendaal;12255
edwinveenendaal;12256
edwinveenendaal;12444
edwinveenendaal;13185
edwinveenendaal;13227
edwinveenendaal;13228
edwinveenendaal;13273
edwinveenendaal;13295
edwinveenendaal;13328
edwinveenendaal;13763
edwinveenendaal;13824
edwinveenendaal;13854
edwinveenendaal;13883
edwinveenendaal;14237
edwinveenendaal;14253
edwinveenendaal;14266
edwinveenendaal;14314
edwinveenendaal;14315
edwinveenendaal;14584
edwinveenendaal;14958
edwinveenendaal;15367
edwinveenendaal;15381
edwinveenendaal;15487
edwinveenendaal;15492
edwinveenendaal;6117
edwinveenendaal;6128
edwinveenendaal;6129
edwinveenendaal;6141
edwinveenendaal;6142
edwinveenendaal;6143
edwinveenendaal;6144
edwinveenendaal;6145
edwinveenendaal;6146
edwinveenendaal;6147
edwinveenendaal;6148
edwinveenendaal;6153
edwinveenendaal;6154
edwinveenendaal;6161
edwinveenendaal;6165
edwinveenendaal;6166
edwinveenendaal;6167
edwinveenendaal;6171
edwinveenendaal;6172
edwinveenendaal;6173
edwinveenendaal;6174
edwinveenendaal;6473
edwinveenendaal;6479
edwinveenendaal;6481
edwinveenendaal;6527
edwinveenendaal;6531
edwinveenendaal;6533
edwinveenendaal;6546
edwinveenendaal;6547
edwinveenendaal;6551
edwinveenendaal;6576
edwinveenendaal;6586
edwinveenendaal;6683
edwinveenendaal;6684
edwinveenendaal;6716
edwinveenendaal;6733
edwinveenendaal;6734
edwinveenendaal;6735
edwinveenendaal;6736
edwinveenendaal;6737
edwinveenendaal;6817
edwinveenendaal;6818
edwinveenendaal;6841
edwinveenendaal;6856
edwinveenendaal;6913
edwinveenendaal;6952
edwinveenendaal;6953
edwinveenendaal;6986
edwinveenendaal;7174
edwinveenendaal;7177
edwinveenendaal;7183
edwinveenendaal;7185
edwinveenendaal;7246
edwinveenendaal;7247
edwinveenendaal;7259
edwinveenendaal;7332
edwinveenendaal;7336
edwinveenendaal;7346
edwinveenendaal;7348
edwinveenendaal;7349
edwinveenendaal;7352
edwinveenendaal;7353
edwinveenendaal;7354
edwinveenendaal;7358
edwinveenendaal;7359
edwinveenendaal;7361
edwinveenendaal;7363
edwinveenendaal;7364
edwinveenendaal;7369
edwinveenendaal;7537
edwinveenendaal;7574
edwinveenendaal;7577
edwinveenendaal;7581
edwinveenendaal;7595
edwinveenendaal;7632
edwinveenendaal;8673
edwinveenendaal;8693
edwinveenendaal;8694
edwinveenendaal;8695
edwinveenendaal;8696
edwinveenendaal;8698
edwinveenendaal;8699
edwinveenendaal;8733
edwinveenendaal;8752
edwinveenendaal;8835
edwinveenendaal;8947
edwinveenendaal;8951
edwinveenendaal;8953
edwinveenendaal;8956
edwinveenendaal;8957
edwinveenendaal;8959
edwinveenendaal;8961
edwinveenendaal;8962
edwinveenendaal;8963
edwinveenendaal;8964
edwinveenendaal;8965
edwinveenendaal;9132
edwinveenendaal;9271
edwinveenendaal;9276
edwinveenendaal;9277
edwinveenendaal;9279
edwinveenendaal;9362
edwinveenendaal;9378
edwinveenendaal;9385
edwinveenendaal;9386
edwinveenendaal;9387
edwinveenendaal;9388
edwinveenendaal;9389
edwinveenendaal;9392
edwinveenendaal;9393
edwinveenendaal;9394
edwinveenendaal;9413
edwinveenendaal;9427
edwinveenendaal;9431
edwinveenendaal;9556
edwinveenendaal;9581
edwinveenendaal;9582
edwinveenendaal;9583
edwinveenendaal;9585
edwinveenendaal;9985
ernoi;4382
fabio;11324
fabio;11325
fabio;11326
fabio;11327
fabio;11328
fabio;11391
fabio;11431
fabio;11485
fabio;11486
fabio;11487
fabio;11492
fabio;11494
fabio;11495
fabio;11498
fabio;11499
fabio;11511
fabio;11519
fabio;11532
fabio;11543
fabio;11669
fabio;11695
fabio;11737
fabio;11738
fabio;11977
fabio;12116
fabio;12245
fabio;12246
fabio;12299
fabio;12418
fabio;12694
fabio;12695
fabio;12696
fabio;12711
fabio;12798
fabio;12894
fabio;12899
fabio;12927
fabio;12928
fabio;12929
fabio;12985
fabio;12997
fabio;12999
fabio;13117
fabio;13119
fabio;13153
fabio;13164
fabio;13176
fabio;13186
fabio;13333
fabio;13938
fabio;14254
fabio;14277
fabio;5641
fabio;5642
fabio;6111
fabio;6112
fabio;6114
fabio;6192
fabio;6195
fabio;6196
fabio;6197
fabio;6198
fabio;6212
fabio;6213
fabio;6216
fabio;6218
fabio;6219
fabio;6221
fabio;6222
fabio;6246
fabio;6248
fabio;6249
fabio;6252
fabio;6253
fabio;6254
fabio;6255
fabio;6256
fabio;6269
fabio;6315
fabio;6563
fabio;6564
fabio;6612
fabio;7145
fabio;7151
fabio;7152
fabio;7192
fabio;7254
fabio;7447
fabio;7455
fabio;7456
fabio;7614
fabio;7622
fabio;7623
fabio;7629
fabio;7691
fabio;7732
fabio;7733
fabio;7734
fabio;7735
fabio;7739
fabio;7741
fabio;7742
fabio;7744
fabio;7748
fabio;7749
fabio;7751
fabio;7752
fabio;7845
fabio;7851
fabio;7855
fabio;7871
fabio;7911
fabio;7979
fabio;7986
fabio;7989
fabio;7992
fabio;8141
fabio;8142
fabio;8149
fabio;8196
fabio;8215
fabio;8221
fabio;8224
fabio;8227
fabio;8229
fabio;8283
fabio;9471
fabio;9472
fabio;9473
fabio;9474
fabio;9475
fabio;9476
fabio;9478
fabio;9481
fabio;9485
fabio;9486
fabio;9546
fabio;9547
fabio;9553
fabio;9572
fabio;9573
fabio;9574
fabio;9575
fabio;9576
fabio;9578
fabio;9593
fabio;9594
fabio;9595
fabio;9596
fabio;9613
fabio;9615
fabio;9616
fabio;9627
fabio;9645
fabio;9654
fabio;9656
fabio;9716
fabio;9727
fabio;9731
fabio;9783
fabio;9788
fabio;9948
fabio;9986
fabio;9987
fabio;9991
fabio;9992
fabio;9993
fabio;9994
fabio;9995
fabio;9996
fabio;9998
fabio;9999
fester;2298
fominykh;16238
fominykh;16596
f.wild;15974
f.wild;15975
f.wild;16185
gilbert.peffer;11729
gilbert.peffer;11739
gilbert.peffer;12359
gilbert.peffer;12755
gilbert.peffer;12775
gilbert.peffer;12792
gilbert.peffer;12793
gilbert.peffer;12794
gilbert.peffer;12795
gilbert.peffer;12796
gilbert.peffer;12817
gilbert.peffer;14594
gilbert.peffer;16681
gilbert.peffer;16682
gilbert.peffer;16694
gilbert.peffer;17231
gilbert.peffer;17374
gilbert.peffer;6513
gilbert.peffer;6514
gilbert.peffer;6569
gilbert.peffer;6574
gilbert.peffer;6588
gilbert.peffer;6621
gilbert.peffer;6696
gilbert.peffer;6698
gilbert.peffer;6726
gilbert.peffer;6731
gilbert.peffer;6781
gilbert.peffer;6782
gilbert.peffer;6788
gilbert.peffer;6789
gilbert.peffer;6791
gilbert.peffer;6792
gilbert.peffer;6794
gilbert.peffer;6795
gilbert.peffer;6824
gilbert.peffer;6825
gilbert.peffer;6826
gilbert.peffer;6853
gilbert.peffer;6854
gilbert.peffer;6855
gilbert.peffer;6874
gilbert.peffer;6984
gilbert.peffer;7132
gilbert.peffer;7133
gilbert.peffer;7134
gilbert.peffer;7392
gilbert.peffer;7428
gilbert.peffer;7611
gilbert.peffer;7613
gilbert.peffer;7677
gilbert.peffer;7678
gilbert.peffer;7737
gilbert.peffer;7745
gilbert.peffer;7834
gilbert.peffer;7846
gilbert.peffer;7847
gilbert.peffer;7848
gilbert.peffer;7849
gilbert.peffer;7994
Gordin;7631
GrahamAttwell;11768
GrahamAttwell;14599
GrahamAttwell;16887
GrahamAttwell;6819
GrahamAttwell;6821
GrahamAttwell;6823
GrahamAttwell;7129
GrahamAttwell;7293
GrahamAttwell;9714
GrahamAttwell;9715
henrypaa;13131
holzbaufidi;9681
holzbaufidi;9682
IKONI;17228
Jaanika;11367
Jaanika;11368
Jaanika;11369
Jaanika;11469
Jaanika;11473
Jaanika;11694
Jaanika;11769
Jaanika;11812
Jaanika;12111
Jaanika;12321
Jaanika;12338
Jaanika;12347
Jaanika;12557
Jaanika;12953
Jaanika;13526
Jaanika;13527
Jaanika;13732
Jaanika;14177
Jaanika;14179
Jaanika;14581
Jaanika;14642
Jaanika;15148
Jaanika;15149
Jaanika;7811
jabibby;14916
jabibby;15732
jabibby;15741
jabibby;16673
jani.holmberg;3268
jasbag;11942
jen;16166
jen;16167
jen;16181
jen;16193
jena14;3222
jgriffin;8813
JoBurt;11517
JoBurt;11531
JoBurt;11697
JoBurt;11699
JoBurt;12697
JoBurt;12698
JoBurt;13141
JoBurt;13142
JoBurt;13143
JoBurt;14758
JoBurt;15468
JoBurt;15486
JoBurt;15488
JoBurt;15832
JoBurt;15862
JoBurt;15864
JoBurt;5537
JoBurt;9663
JohnCook;15494
JohnCook;15573
JohnCook;15611
JohnCook;15612
JohnCook;15613
JohnCook;15614
JohnCook;15618
JohnCook;15619
JohnCook;15767
JohnCook;15852
JohnCook;16179
JohnCook;16281
JohnCook;8727
JohnCook;8747
JohnCook;8751
JohnCook;8756
JohnCook;9684
JohnCook;9711
JohnCook;9857
JohnCook;9862
JohnCook;9916
JohnCook;9917
Jojojo;7124
jpurma;672
jpurma;673
jukkatestaa;11748
jukkatestaa;12141
jukkatestaa;12221
jukkatestaa;12375
jukkatestaa;12746
jukkatestaa;12983
jukkatestaa;13281
jukkatestaa;13287
jukkatestaa;13288
jukkatestaa;13482
jukkatestaa;13491
jukkatestaa;13498
jukkatestaa;13513
jukkatestaa;13593
jukkatestaa;13726
jukkatestaa;14724
jukkatestaa;14939
jukkatestaa;16585
jukkatestaa2;613
jukkatestaa2;674
jukkatestaa2;675
jukkatestaa;9436
khawar;15167
khawar;15758
khawar;15786
khawar;15787
khawar;15788
khawar;15789
khawar;15791
khawar;15851
khawar;16675
klamma;15896
klamma;15983
klamma;16112
klamma;16221
klamma;16223
klamma;16561
klamma;16562
klamma;16814
klamma;17379
klamma;17395
klamma;2246
klamma;367
koren;11281
koren;12235
koren;12258
koren;15355
koren;15575
koren;15579
koren;15584
koren;15587
koren;15636
koren;15637
koren;15638
koren;15639
koren;15641
koren;15669
koren;15762
koren;15765
koren;15766
koren;15774
koren;15811
koren;15885
koren;15886
koren;15887
koren;15985
koren;16653
koren;17213
koren;17393
koren;2482
koren;2622
koren;2625
koren;2626
koren;6335
koren;6338
koren;6339
koren;6343
koren;6618
koren;7162
koren;7163
koren;7166
koren;8765
kravcik;14944
kravcik;15815
kravcik;15895
kravcik;16515
kravcik;17375
Kuck;11992
Kuck;12323
Kuck;15214
Lars;14598
Lars;6582
Lars;6595
lassi.veikkonenmac.com;2576
lauripka;4354
leeds-layers;8411
leeds-layers;8413
leeds-layers;8414
Lguerra;8495
lnikkila;11248
lnikkila;5877
lnikkila;5897
lnikkila;9863
ltbdemo;12264
ltbdemo;6738
ltbdemo;6742
ltbdemo;6754
ltbdemo;6755
ltbdemo;6756
ltbdemo;6757
ltbdemo;6758
ltbdemo;6763
ltbdemo;6768
ltbdemo;6774
ltbdemo;6775
ltbdemo;6776
mahug;6456
mahug;6457
Marjotestaa;14317
Marjotestaa;14318
Marjotestaa;14321
Marjotestaa;14323
Marjotestaa;14399
Marjotestaa;14427
Marjotestaa;14892
Marjotestaa;14896
Marjotestaa;15242
Marjotestaa;15853
Marjotestaa;15854
Marjotestaa;15898
Marjotestaa;16219
Marjotestaa;16636
martin16;2631
martin98;2596
MattiJ;12924
MattiJ;12974
MattiJ;13168
MattiJ;13169
MattiJ;13171
MattiJ;13174
MattiJ;13241
MattiJ;13245
MattiJ;13258
MattiJ;13598
mbu;11526
mbu;11922
mbu;11946
mbu;11949
mbu;12325
mbu;14347
mbu;15645
mbu;15673
mbu;8438
merja;2544
merja;2545
merja;2562
merja;2566
merjab;12986
merjab;4374
MickyK;12337
MickyK;14588
MickyK;14595
MickyK;15235
MickyK;15713
MickyK;15727
MickyK;15743
MickyK;15753
MickyK;16586
MickyK;16611
MickyK;9913
mirooney;12324
mirooney;12331
naomiQ;11785
naomiQ;11786
naomiQ;11788
nbluesmills;11524
nbluesmills;11536
nbluesmills;11538
nbluesmills;11914
nbluesmills;11957
nbluesmills;12576
nbluesmills;13278
nbluesmills;13532
nbluesmills;14583
nbluesmills;15334
nbluesmills;15335
nbluesmills;15338
nbluesmills;15872
nbluesmills;16695
nbluesmills;5888
nbluesmills;6649
nbluesmills;6699
nbluesmills;6713
nbluesmills;6714
nbluesmills;6715
nbluesmills;6717
nbluesmills;6718
nbluesmills;6719
nbluesmills;6721
nbluesmills;6723
nbluesmills;6724
nbluesmills;6725
nbluesmills;6728
nbluesmills;7112
nbluesmills;7113
nbluesmills;7116
nbluesmills;7117
nbluesmills;7118
nbluesmills;7127
nbluesmills;7193
nbluesmills;7195
nbluesmills;7198
nbluesmills;7527
nbluesmills;7645
nbluesmills;7738
nbluesmills;7758
nbluesmills;7762
nbluesmills;7772
nbluesmills;7773
nbluesmills;7776
nbluesmills;7831
nbluesmills;7832
nbluesmills;7897
nbluesmills;8469
nbluesmills;8771
nbluesmills;9477
nbluesmills;9479
nbluesmills;9482
nbluesmills;9483
nbluesmills;9484
nbluesmills;9541
nbluesmills;9542
nbluesmills;9545
nbluesmills;9589
nbluesmills;9631
nbluesmills;9636
nbluesmills;9638
nbluesmills;9641
nbluesmills;9642
nbluesmills;9643
nbluesmills;9655
nbluesmills;9658
nbluesmills;9659
nbluesmills;9661
nbluesmills;9662
nbluesmills;9725
ndstieglitz;11529
ndstieglitz;11535
ndstieglitz;11958
ndstieglitz;12395
ndstieglitz;12398
ndstieglitz;12433
ndstieglitz;14785
ndstieglitz;14786
ndstieglitz;14787
ndstieglitz;14792
ndstieglitz;15262
ndstieglitz;7389
ndstieglitz;7411
ndstieglitz;7413
ndstieglitz;7432
ndstieglitz;7793
ndstieglitz;9657
nelpow;12125
nelpow;12126
nelpow;12127
nelpow;12128
nelpow;12129
ngeoffstead;14519
nille;14414
nille;15376
nille2;16774
nille;2584
nille;2653
njulianting;11595
njulianting;8534
nmark_pajak;15863
nmartin1998;2623
nNicknurden;16875
nNowyoutank;15956
nrose_dewey;11525
nrose_dewey;11698
nrose_dewey;12138
nrose_dewey;12212
nrose_dewey;12261
nrose_dewey;15731
nrose_dewey;8723
nrose_dewey;8731
nrose_dewey;8732
nrose_dewey;9296
nstefanocke;7331
nstefanocke;7333
nstefanocke;7334
ntimo.kuula;16144
ntimo.kuula;16147
oliver15;8213
oliver15;8214
oliverm;4381
Padgevic;12211
Padgevic;12333
paul;15724
paul;15726
paul;15736
paul;15744
pedela;14946
pedela;15353
pedela;15359
pedela;15581
pedela;15582
pedela;15583
pedela;15588
pedela;15589
pedela;15593
pedela;15595
pedela;15596
pedela;15597
pedela;15598
pedela;15599
pedela;15617
pedela;15624
pedela;15625
pedela;15626
pedela;15627
pedela;15628
pedela;15629
pedela;15631
pedela;15632
pedela;15633
pedela;15634
pedela;15635
pedela;15642
pedela;15674
pedela;15675
pedela;15735
pedela;15761
pedela;15763
pedela;15769
pedela;15775
pedela;15778
pedela;15798
pedela;15799
pedela;15821
pedela;15911
pedela;15912
pedela;15913
pedela;15914
pedela;16114
pedela;16115
pedela;16164
pedela;16165
pedela;16557
pedela;16648
pedela;16683
pedela;16847
pedela;16882
pedela;16883
pedela;16898
pedela;16951
pedela;17151
pedela;17376
PEHamill;13852
PEHamill;13853
Pehamill;15715
Pehamill;15733
Pehamill;15752
pehamill;15844
PEHamill;8519
Pekka;11466
Pekka;11467
Pekka;11468
Pekka;11471
Pekka;11541
Pekka;14129
Pekka;15652
Pekka;16141
Pekka;16149
Pekka;16225
Pekka;6581
Pekka;6583
Pekka;6584
Pekka;6589
Pekka;6596
Pekka;6647
Pekka;6648
Pekka;6685
Pekka;6686
Pekka;6687
Pekka;6688
Pekka;6689
Pekka;6691
Pekka;6692
Pekka;6693
Pekka;6694
Pekka;6695
Pekka;6697
Pekka;6741
Pekka;6745
Pekka;6747
Pekka;6748
Pekka;6749
Pekka;6752
Pekka;6753
Pekka;6778
Pekka;6779
Pekka;6783
Pekka;6785
Pekka;6786
pekka;6793
pekka;6796
pekka;6798
pekka;6799
pekka;6811
pekka;6812
Pekka;6827
Pekka;6829
Pekka;6842
Pekka;6891
Pekka;6892
Pekka;6893
Pekka;6894
Pekka;6895
Pekka;6896
Pekka;6897
Pekka;6898
Pekka;6899
Pekka;7111
Pekka;7114
Pekka;7125
Pekka;7126
Pekka;7135
Pekka;7137
Pekka;7139
Pekka;7141
Pekka;7142
Pekka;7188
Pekka;7189
Pekka;7191
Pekka;7196
Pekka;7197
Pekka;7335
Pekka;7341
Pekka;7368
Pekka;7386
Pekka;7421
Pekka;7426
Pekka;7434
Pekka;7435
Pekka;7436
Pekka;7579
Pekka;7694
Pekka;7695
Pekka;7715
Pekka;7722
Pekka;7723
Pekka;7724
Pekka;7725
Pekka;7726
Pekka;8768
Pekka;8769
Pekka;8772
Pekka;8954
Pekka;9668
Pekka;9728
Pekka;9729
pereter;6342
PeterTheGreat;15186
PeterTheGreat;15187
PeterTheGreat;15188
PeterTheGreat;15189
PeterTheGreat;15191
PeterTheGreat;15192
PeterTheGreat;15193
PeterTheGreat;15194
PeterTheGreat;15195
PeterTheGreat;16884
PeterTheGreat;16885
PeterTheGreat;16886
PeterTheGreat;16891
PeterTheGreat;16892
PeterTheGreat;16893
PeterTheGreat;16894
PeterTheGreat;16895
PeterTheGreat;16896
PeterTheGreat;16897
PeterTheGreat;16899
PeterTheGreat;16949
PeterTheGreat;16952
PeterTheGreat;16953
PeterTheGreat;16954
PeterTheGreat;16955
PeterTheGreat;16957
PeterTheGreat;16958
PeterTheGreat;16959
PeterTheGreat;16991
PeterTheGreat;17127
PeterTheGreat;17128
PeterTheGreat;17131
PeterTheGreat;17132
PeterTheGreat;17133
PeterTheGreat;17134
PeterTheGreat;17135
PeterTheGreat;17136
PeterTheGreat;17137
PeterTheGreat;17139
PeterTheGreat;17141
PeterTheGreat;17142
PeterTheGreat;17143
PeterTheGreat;17144
PeterTheGreat;17145
PeterTheGreat;17146
PeterTheGreat;17148
PeterTheGreat;17149
PeterTheGreat;17396
PeterTheGreat;17397
PeterTheGreat;17398
petru;1433
petru;1515
petru;15354
petru;15648
petru;15649
petru;1568
petru;1569
petru;1571
petru;1572
petru;1573
petru;1673
petru;1674
petru;1675
petru;1676
petru;1677
petru;1678
petru;1679
petru;17394
petru;1831
petru;1832
petru;1839
petru;1841
petru;1842
petru;1844
petru;1846
petru;1847
petru;2159
petru;2162
petru;2577
petru;2629
petru;4356
pmayhew;14718
pmayhew;14747
pmayhew;16697
pmayhew;16698
prateek.jain;12592
prinz;16819
psantos;11434
psantos;11461
psantos;11624
psantos;13311
psantos;14252
psantos;14564
psantos;14658
psantos;14661
psantos;15253
psantos;15254
psantos;15261
psantos;15378
psantos;15462
psantos;15465
psantos;15467
psantos;15495
psantos;15549
psantos;15768
psantos;15859
psantos;15893
psantos;15979
psantos;16226
psantos;16237
psantos;16265
psantos;16279
psantos;16495
psantos;16516
psantos;16525
psantos;16841
psantos;16979
raivio;12579
raivio;12586
raivio;12652
raivio;9754
raymondelferink;11244
raymondelferink;11245
raymondelferink;11392
raymondelferink;11393
raymondelferink;11394
raymondelferink;11395
raymondelferink;11396
raymondelferink;11397
raymondelferink;11398
raymondelferink;11399
raymondelferink;11411
raymondelferink;11412
raymondelferink;11416
raymondelferink;11418
raymondelferink;11419
raymondelferink;11421
raymondelferink;11423
raymondelferink;11424
raymondelferink;11425
raymondelferink;11426
raymondelferink;11427
raymondelferink;11512
raymondelferink;11513
raymondelferink;11514
raymondelferink;11515
raymondelferink;11537
raymondelferink;11539
raymondelferink;11677
raymondelferink;11678
raymondelferink;11679
raymondelferink;11681
raymondelferink;11682
raymondelferink;11683
raymondelferink;11684
raymondelferink;11685
raymondelferink;11686
raymondelferink;11687
raymondelferink;11688
raymondelferink;11689
raymondelferink;11691
raymondelferink;11755
raymondelferink;11798
raymondelferink;11817
raymondelferink;11841
raymondelferink;11842
raymondelferink;11869
raymondelferink;11974
raymondelferink;11975
raymondelferink;11976
raymondelferink;11982
raymondelferink;11983
raymondelferink;12247
raymondelferink;12257
raymondelferink;12259
raymondelferink;12262
raymondelferink;12287
raymondelferink;12288
raymondelferink;12289
raymondelferink;12377
raymondelferink;12413
raymondelferink;12435
raymondelferink;12516
raymondelferink;12519
raymondelferink;12523
raymondelferink;12529
raymondelferink;12531
raymondelferink;12532
raymondelferink;12575
raymondelferink;12588
raymondelferink;12611
raymondelferink;12612
raymondelferink;12614
raymondelferink;12615
raymondelferink;12617
raymondelferink;12618
raymondelferink;12619
raymondelferink;12622
raymondelferink;12637
raymondelferink;12641
raymondelferink;12646
raymondelferink;12657
raymondelferink;12662
raymondelferink;12666
raymondelferink;12859
raymondelferink;12865
raymondelferink;12866
raymondelferink;12877
raymondelferink;12878
raymondelferink;12885
raymondelferink;12886
raymondelferink;12887
raymondelferink;12892
raymondelferink;12914
raymondelferink;12915
raymondelferink;12922
raymondelferink;12925
raymondelferink;12932
raymondelferink;12948
raymondelferink;12981
raymondelferink;13112
raymondelferink;13113
raymondelferink;13163
raymondelferink;13167
raymondelferink;13189
raymondelferink;13191
raymondelferink;13192
raymondelferink;13193
raymondelferink;13194
raymondelferink;13195
raymondelferink;13196
raymondelferink;13197
raymondelferink;13251
raymondelferink;13252
raymondelferink;13283
raymondelferink;13284
raymondelferink;13296
raymondelferink;13299
raymondelferink;13358
raymondelferink;13359
raymondelferink;13361
raymondelferink;13362
raymondelferink;13363
raymondelferink;13364
raymondelferink;13365
raymondelferink;13366
raymondelferink;13367
raymondelferink;13368
raymondelferink;13369
raymondelferink;13371
raymondelferink;13372
raymondelferink;13374
raymondelferink;13376
raymondelferink;13377
raymondelferink;13423
raymondelferink;13424
raymondelferink;13441
raymondelferink;13443
raymondelferink;13444
raymondelferink;13445
raymondelferink;13446
raymondelferink;13447
raymondelferink;13454
raymondelferink;13477
raymondelferink;13485
raymondelferink;13487
raymondelferink;13499
raymondelferink;13536
raymondelferink;13542
raymondelferink;13543
raymondelferink;13544
raymondelferink;13545
raymondelferink;13546
raymondelferink;13547
raymondelferink;13548
raymondelferink;13549
raymondelferink;13551
raymondelferink;13552
raymondelferink;13553
raymondelferink;13554
raymondelferink;13555
raymondelferink;13556
raymondelferink;13557
raymondelferink;13558
raymondelferink;13559
raymondelferink;13584
raymondelferink;13585
raymondelferink;13586
raymondelferink;13588
raymondelferink;13613
raymondelferink;13621
raymondelferink;13671
raymondelferink;13674
raymondelferink;13676
raymondelferink;13738
raymondelferink;13739
raymondelferink;13745
raymondelferink;13746
raymondelferink;13747
raymondelferink;13748
raymondelferink;13766
raymondelferink;13776
raymondelferink;13781
raymondelferink;13782
raymondelferink;13783
raymondelferink;13857
raymondelferink;13858
raymondelferink;13861
raymondelferink;13862
raymondelferink;13863
raymondelferink;14292
raymondelferink;14296
raymondelferink;14313
raymondelferink;14396
raymondelferink;14429
raymondelferink;14432
raymondelferink;14447
raymondelferink;14452
raymondelferink;14453
raymondelferink;14458
raymondelferink;14543
raymondelferink;14549
raymondelferink;14554
raymondelferink;14557
raymondelferink;14558
raymondelferink;14562
raymondelferink;14772
raymondelferink;14773
raymondelferink;14788
raymondelferink;14791
raymondelferink;14834
raymondelferink;14838
raymondelferink;14839
raymondelferink;14853
raymondelferink;14872
raymondelferink;15168
raymondelferink;15169
raymondelferink;15171
raymondelferink;15172
raymondelferink;15199
raymondelferink;15239
raymondelferink;15256
raymondelferink;15332
raymondelferink;15336
raymondelferink;15372
raymondelferink;15491
raymondelferink;15643
raymondelferink;15651
raymondelferink;15655
raymondelferink;15658
raymondelferink;15689
raymondelferink;15691
raymondelferink;15692
raymondelferink;15698
raymondelferink;15781
raymondelferink;15782
raymondelferink;15783
raymondelferink;15784
raymondelferink;15785
raymondelferink;15796
raymondelferink;15797
raymondelferink;15828
raymondelferink;15843
raymondelferink;15867
raymondelferink;15884
raymondelferink;15888
raymondelferink;15892
raymondelferink;15897
raymondelferink;15916
raymondelferink;15938
raymondelferink;15939
raymondelferink;15941
raymondelferink;15947
raymondelferink;15949
raymondelferink;15951
raymondelferink;15954
raymondelferink;15955
raymondelferink;15961
raymondelferink;15962
raymondelferink;15963
raymondelferink;15964
raymondelferink;15976
raymondelferink;15978
raymondelferink;15997
raymondelferink;16111
raymondelferink;16119
raymondelferink;16224
raymondelferink;16276
raymondelferink;16526
raymondelferink;16645
raymondelferink;16649
raymondelferink;16668
raymondelferink;16672
raymondelferink;16686
raymondelferink;16692
raymondelferink;16718
raymondelferink;16771
raymondelferink;16772
raymondelferink;16854
raymondelferink;16874
raymondelferink;16876
raymondelferink;16877
raymondelferink;16888
raymondelferink;16889
raymondelferink;16921
raymondelferink;16926
raymondelferink;16932
raymondelferink;16934
raymondelferink;16935
raymondelferink;16936
raymondelferink;16937
raymondelferink;16938
raymondelferink;16939
raymondelferink;16943
raymondelferink;16944
raymondelferink;16968
raymondelferink;16969
raymondelferink;17125
raymondelferink;17161
raymondelferink;17177
raymondelferink;17181
raymondelferink;17182
raymondelferink;17187
raymondelferink;17188
raymondelferink;17191
raymondelferink;17192
raymondelferink;17193
raymondelferink;17196
raymondelferink;17198
raymondelferink;17199
raymondelferink;17211
raymondelferink;17214
raymondelferink;17215
raymondelferink;17221
raymondelferink;17222
raymondelferink;17223
raymondelferink;17224
raymondelferink;17225
raymondelferink;17232
raymondelferink;17233
raymondelferink;17234
raymondelferink;17235
raymondelferink;17236
raymondelferink;17237
raymondelferink;17239
raymondelferink;17249
raymondelferink;5689
raymondelferink;5691
raymondelferink;5692
raymondelferink;5694
raymondelferink;5695
raymondelferink;5696
raymondelferink;5697
raymondelferink;5698
raymondelferink;5699
raymondelferink;6311
raymondelferink;6312
raymondelferink;6313
raymondelferink;6314
raymondelferink;6458
raymondelferink;6459
raymondelferink;6476
raymondelferink;6477
raymondelferink;6478
raymondelferink;6486
raymondelferink;6487
raymondelferink;6512
raymondelferink;6517
raymondelferink;6518
raymondelferink;6519
raymondelferink;6525
raymondelferink;6526
raymondelferink;6536
raymondelferink;6539
raymondelferink;6542
raymondelferink;6552
raymondelferink;6575
raymondelferink;6577
raymondelferink;6578
raymondelferink;6579
raymondelferink;6591
raymondelferink;6592
raymondelferink;6593
raymondelferink;6594
raymondelferink;6611
raymondelferink;6613
raymondelferink;6614
raymondelferink;6615
raymondelferink;6617
raymondelferink;6623
raymondelferink;6624
raymondelferink;6625
raymondelferink;6626
raymondelferink;6627
raymondelferink;6628
raymondelferink;6629
raymondelferink;6631
raymondelferink;6632
raymondelferink;6633
raymondelferink;6634
raymondelferink;6635
raymondelferink;6636
raymondelferink;6637
raymondelferink;6638
raymondelferink;6639
raymondelferink;6641
raymondelferink;6642
raymondelferink;6643
raymondelferink;6644
raymondelferink;6645
raymondelferink;6646
raymondelferink;6651
raymondelferink;6652
raymondelferink;6655
raymondelferink;6656
raymondelferink;6657
raymondelferink;6658
raymondelferink;6659
raymondelferink;6661
raymondelferink;6662
raymondelferink;6664
raymondelferink;6665
raymondelferink;6668
raymondelferink;6711
raymondelferink;6712
raymondelferink;6722
raymondelferink;6727
raymondelferink;6729
raymondelferink;6732
raymondelferink;6739
raymondelferink;6744
raymondelferink;6746
raymondelferink;6759
raymondelferink;6761
raymondelferink;6762
raymondelferink;6764
raymondelferink;6765
raymondelferink;6766
raymondelferink;6767
raymondelferink;6769
raymondelferink;6771
raymondelferink;6772
raymondelferink;6773
raymondelferink;6777
raymondelferink;6813
raymondelferink;6814
raymondelferink;6815
raymondelferink;6816
raymondelferink;6822
raymondelferink;6831
raymondelferink;6832
raymondelferink;6834
raymondelferink;6836
raymondelferink;6837
raymondelferink;6838
raymondelferink;6839
raymondelferink;6843
raymondelferink;6844
raymondelferink;6845
raymondelferink;6846
raymondelferink;6851
raymondelferink;6924
raymondelferink;6925
raymondelferink;6926
raymondelferink;6927
raymondelferink;6928
raymondelferink;6929
raymondelferink;6931
raymondelferink;6932
raymondelferink;6962
raymondelferink;6983
raymondelferink;7115
raymondelferink;7119
raymondelferink;7121
raymondelferink;7122
raymondelferink;7123
raymondelferink;7179
raymondelferink;7181
raymondelferink;7374
raymondelferink;7376
raymondelferink;7378
raymondelferink;7387
raymondelferink;7391
raymondelferink;7433
raymondelferink;7448
raymondelferink;7452
raymondelferink;7453
raymondelferink;7454
raymondelferink;7457
raymondelferink;7476
raymondelferink;7485
raymondelferink;7513
raymondelferink;7515
raymondelferink;7516
raymondelferink;7531
raymondelferink;7533
raymondelferink;7535
raymondelferink;7543
raymondelferink;7551
raymondelferink;7572
raymondelferink;7573
raymondelferink;7575
raymondelferink;7576
raymondelferink;7587
raymondelferink;7588
raymondelferink;7597
raymondelferink;7636
raymondelferink;7648
raymondelferink;7665
raymondelferink;7679
raymondelferink;7692
raymondelferink;7693
raymondelferink;7729
raymondelferink;7731
raymondelferink;7736
raymondelferink;7743
raymondelferink;7746
raymondelferink;7753
raymondelferink;7754
raymondelferink;7788
raymondelferink;7791
raymondelferink;7795
raymondelferink;7797
raymondelferink;7798
raymondelferink;7812
raymondelferink;7833
raymondelferink;7835
raymondelferink;7935
raymondelferink;7943
raymondelferink;7946
raymondelferink;7951
raymondelferink;7955
raymondelferink;7956
raymondelferink;7973
raymondelferink;8143
raymondelferink;8152
raymondelferink;8168
raymondelferink;8191
raymondelferink;8192
raymondelferink;8193
raymondelferink;8194
raymondelferink;8199
raymondelferink;8225
raymondelferink;8236
raymondelferink;8277
raymondelferink;8382
raymondelferink;8415
raymondelferink;8544
raymondelferink;8553
raymondelferink;8555
raymondelferink;8558
raymondelferink;8559
raymondelferink;8563
raymondelferink;8565
raymondelferink;8582
raymondelferink;8583
raymondelferink;8615
raymondelferink;8616
raymondelferink;8617
raymondelferink;8618
raymondelferink;8619
raymondelferink;8642
raymondelferink;8644
raymondelferink;8645
raymondelferink;8646
raymondelferink;8647
raymondelferink;8648
raymondelferink;8649
raymondelferink;8651
raymondelferink;8652
raymondelferink;8656
raymondelferink;8659
raymondelferink;8662
raymondelferink;8664
raymondelferink;8675
raymondelferink;8676
raymondelferink;8677
raymondelferink;8678
raymondelferink;8679
raymondelferink;8681
raymondelferink;8682
raymondelferink;8683
raymondelferink;8684
raymondelferink;8685
raymondelferink;8686
raymondelferink;8687
raymondelferink;8688
raymondelferink;8689
raymondelferink;8716
raymondelferink;8717
raymondelferink;8719
raymondelferink;8729
raymondelferink;8746
raymondelferink;8748
raymondelferink;8753
raymondelferink;8757
raymondelferink;8759
raymondelferink;8822
raymondelferink;8823
raymondelferink;8879
raymondelferink;8885
raymondelferink;8918
raymondelferink;8919
raymondelferink;8921
raymondelferink;8922
raymondelferink;8924
raymondelferink;8925
raymondelferink;8926
raymondelferink;8927
raymondelferink;8928
raymondelferink;8929
raymondelferink;8931
raymondelferink;8932
raymondelferink;8933
raymondelferink;8936
raymondelferink;8937
raymondelferink;8938
raymondelferink;8939
raymondelferink;8941
raymondelferink;8942
raymondelferink;8943
raymondelferink;8944
raymondelferink;8946
raymondelferink;8966
raymondelferink;8967
raymondelferink;8968
raymondelferink;8969
raymondelferink;8971
raymondelferink;8972
raymondelferink;8973
raymondelferink;8975
raymondelferink;8976
raymondelferink;8977
raymondelferink;8978
raymondelferink;9119
raymondelferink;9121
raymondelferink;9122
raymondelferink;9123
raymondelferink;9124
raymondelferink;9125
raymondelferink;9126
raymondelferink;9128
raymondelferink;9183
raymondelferink;9184
raymondelferink;9185
raymondelferink;9186
raymondelferink;9187
raymondelferink;9188
raymondelferink;9193
raymondelferink;9194
raymondelferink;9195
raymondelferink;9196
raymondelferink;9219
raymondelferink;9221
raymondelferink;9222
raymondelferink;9223
raymondelferink;9224
raymondelferink;9225
raymondelferink;9227
raymondelferink;9228
raymondelferink;9238
raymondelferink;9242
raymondelferink;9243
raymondelferink;9244
raymondelferink;9245
raymondelferink;9246
raymondelferink;9247
raymondelferink;9248
raymondelferink;9249
raymondelferink;9251
raymondelferink;9252
raymondelferink;9253
raymondelferink;9254
raymondelferink;9255
raymondelferink;9256
raymondelferink;9258
raymondelferink;9259
raymondelferink;9261
raymondelferink;9262
raymondelferink;9263
raymondelferink;9264
raymondelferink;9265
raymondelferink;9266
raymondelferink;9267
raymondelferink;9268
raymondelferink;9269
raymondelferink;9272
raymondelferink;9273
raymondelferink;9274
raymondelferink;9275
raymondelferink;9278
raymondelferink;9282
raymondelferink;9283
raymondelferink;9286
raymondelferink;9287
raymondelferink;9382
raymondelferink;9489
raymondelferink;9498
raymondelferink;9499
raymondelferink;9511
raymondelferink;9512
raymondelferink;9514
raymondelferink;9515
raymondelferink;9516
raymondelferink;9517
raymondelferink;9518
raymondelferink;9519
raymondelferink;9521
raymondelferink;9522
raymondelferink;9523
raymondelferink;9524
raymondelferink;9525
raymondelferink;9528
raymondelferink;9532
raymondelferink;9567
raymondelferink;9579
raymondelferink;9584
raymondelferink;9588
raymondelferink;9591
raymondelferink;9592
raymondelferink;9598
raymondelferink;9665
raymondelferink;9669
raymondelferink;9683
raymondelferink;9851
raymondelferink;9861
raymondelferink;9926
renzel;6336
renzel;6337
renzel;6341
renzel;7615
richard;11665
richard;11666
richard;11747
richard;15173
richard;15369
richard;15379
richard;15382
richard;15959
richard;17229
rp;14693
rp;17257
rp;17262
rp;17265
rp;17274
rp;17275
rp;17276
rp;17281
rp;17286
rp;17287
rp;17292
rp;17296
rp2;17165
rp2;17166
rp;7757
rushtonc;17226
samwen;4271
Schoka;16552
Schoka;9695
Schoka;9696
Siems;12343
Siems;12344
skanska;15989
skanska;15991
skanska;15992
skanska;16127
sony76;11667
susan;11648
susan;11649
susan;11674
susan;11734
susan;11759
susan;11799
susan;15174
susan;15368
susan;16499
ta.herrler;14947
ta.herrler;14948
ta.herrler;14949
tamsintj;11568
tamsintj;11623
tamsintj;11645
tamsintj;11716
tamsintj;11749
tamsintj;11767
tamsintj;11782
tamsintj;11797
tamsintj;11849
tamsintj;12222
tamsintj;12223
tamsintj;12225
tamsintj;12326
tamsintj;12339
tamsintj;12566
tamsintj;12582
tamsintj;12884
tamsintj;12896
tamsintj;13127
tamsintj;13128
tamsintj;13285
tamsintj;13313
tamsintj;13316
tamsintj;13867
tamsintj;13884
tamsintj;13889
tamsintj;13946
tamsintj;14281
tamsintj;14284
tamsintj;14413
tamsintj;14451
tamsintj;14565
tamsintj;14774
tamsintj;14775
tamsintj;14776
tamsintj;14798
tamsintj;14831
tamsintj;14837
tamsintj;14852
tamsintj;14857
tamsintj;15164
tamsintj;15383
tamsintj;15594
tamsintj;15668
tamsintj;15677
tamsintj;15678
tamsintj;15693
tamsintj;15696
tamsintj;15737
tamsintj;15738
tamsintj;15825
tamsintj;15883
tamsintj;15965
tamsintj;15998
tamsintj;15999
tamsintj;16184
tamsintj;16513
tamsintj;16549
tamsintj;16558
tamsintj;16587
tamsintj;17138
tamsintj;17174
tamsintj;17183
tamsintj;17185
tamsintj;17186
tamsintj;17194
tamsintj;17195
tamsintj;17212
tamsintj;17217
tamsintj;17218
tamsintj;17219
tamsintj;8117
tamsintj;8146
tamsintj;8151
tamsintj;8423
tamsintj;8424
tamsintj;8432
tamsintj;8581
tamsintj;8596
tamsintj;8597
tamsintj;8672
tamsintj;8691
tamsintj;8697
tamsintj;8735
tamsintj;8743
tamsintj;8744
tamsintj;8749
tamsintj;8812
tamsintj;8821
tamsintj;9599
tamsintj;9858
tamsintj;9921
tappletest;16511
tartemidio;6887
tartemidio;7785
tdavidzaki;12581
tdavidzaki;12583
tdavidzaki;12589
testemployee;14943
tgtoubekis;15371
tgtoubekis;15374
tgtoubekis;15375
tJamiesonT;11556
tJamiesonT;11816
tJamiesonT;12718
tjenhughes;15347
tjohnsonM1;11784
tmluebbing;16161
tmluebbing;16162
tmluebbing;16163
tmluebbing;7642
tmluebbing;7643
tmluebbing;7644
tmluebbing;7747
tmluebbing;7781
tmluebbing;7782
tmluebbing;7786
tmluebbing;7789
tmluebbing;7792
tmluebbing;7794
tmluebbing;7918
tmluebbing;9632
tmluebbing;9633
tmluebbing;9634
tmluebbing;9635
tmluebbing;9637
tmluebbing;9722
tnancy_grn;8564
torarneb;16684
torarneb;16685
tzavatskig;8554
vanessaallen;16878
vanessaallen;16879
yish;9618
yish;9677
yish;9712
yish;9923
yish;9962
zahragrosser;14694
zahragrosser;14748
zahragrosser;16197
zahragrosser;16927
zahragrosser;17371
zahragrosser;17373
zahragrosser;17377
zahragrosser;17378
